id,time,temp,wv,humi
402,2019-08-02 00:01,26.2,.4,85.7
402,2019-08-02 00:02,26.3,0,85.7
402,2019-08-02 00:03,26.3,0,85.7
402,2019-08-02 00:04,26.2,0,85.9
402,2019-08-02 00:05,26.3,0,86
402,2019-08-02 00:06,26.3,0,85.9
402,2019-08-02 00:07,26.2,0,85.9
402,2019-08-02 00:08,26.2,0,85.9
402,2019-08-02 00:09,26.2,0,86
402,2019-08-02 00:10,26.2,0,86.1
402,2019-08-02 00:11,26.2,0,86.2
402,2019-08-02 00:12,26.3,0,86.2
402,2019-08-02 00:13,26.3,0,86.1
402,2019-08-02 00:14,26.2,0,86.3
402,2019-08-02 00:15,26.2,0,86.2
402,2019-08-02 00:16,26.2,0,86.3
402,2019-08-02 00:17,26.2,0,86.4
402,2019-08-02 00:18,26.2,.9,86.6
402,2019-08-02 00:19,26.2,.6,86.7
402,2019-08-02 00:20,26.1,.5,86.8
402,2019-08-02 00:21,26.1,0,86.9
402,2019-08-02 00:22,26.1,.4,87
402,2019-08-02 00:23,26.1,0,87.1
402,2019-08-02 00:24,26.1,0,87.2
402,2019-08-02 00:25,26.1,0,87.2
402,2019-08-02 00:26,26,0,87.4
402,2019-08-02 00:27,26,0,87.4
402,2019-08-02 00:28,26,0,87.5
402,2019-08-02 00:29,26,0,87.6
402,2019-08-02 00:30,26,0,87.7
402,2019-08-02 00:31,26.1,0,87.7
402,2019-08-02 00:32,26.1,0,87.7
402,2019-08-02 00:33,26.1,0,87.6
402,2019-08-02 00:34,26.1,0,87.6
402,2019-08-02 00:35,26.1,0,87.5
402,2019-08-02 00:36,26,0,87.6
402,2019-08-02 00:37,26,0,87.7
402,2019-08-02 00:38,25.9,0,87.9
402,2019-08-02 00:39,25.9,.9,88
402,2019-08-02 00:40,25.8,.3,88.2
402,2019-08-02 00:41,25.8,.7,88.4
402,2019-08-02 00:42,25.8,.7,88.6
402,2019-08-02 00:43,25.7,.7,88.7
402,2019-08-02 00:44,25.7,0,88.8
402,2019-08-02 00:45,25.6,0,89
402,2019-08-02 00:46,25.6,0,89.3
402,2019-08-02 00:47,25.6,0,89.4
402,2019-08-02 00:48,25.6,0,89.5
402,2019-08-02 00:49,25.6,0,89.6
402,2019-08-02 00:50,25.7,0,89.5
402,2019-08-02 00:51,25.7,0,89.5
402,2019-08-02 00:52,25.7,0,89.3
402,2019-08-02 00:53,25.7,0,89.3
402,2019-08-02 00:54,25.7,0,89.2
402,2019-08-02 00:55,25.7,0,89.2
402,2019-08-02 00:56,25.7,0,89.2
402,2019-08-02 00:57,25.7,0,89.1
402,2019-08-02 00:58,25.8,0,89
402,2019-08-02 00:59,25.8,0,88.9
402,2019-08-02 01:00,25.8,0,88.8
402,2019-08-02 01:01,25.8,0,88.8
402,2019-08-02 01:02,25.8,1.3,88.9
402,2019-08-02 01:03,25.8,1.1,89
402,2019-08-02 01:04,25.8,.9,89.1
402,2019-08-02 01:05,25.8,1.2,89
402,2019-08-02 01:06,25.8,.9,88.9
402,2019-08-02 01:07,25.8,.9,89
402,2019-08-02 01:08,25.9,.5,88.9
402,2019-08-02 01:09,25.9,.6,88.8
402,2019-08-02 01:10,25.9,.4,88.7
402,2019-08-02 01:11,25.9,.7,88.6
402,2019-08-02 01:12,25.9,.6,88.7
402,2019-08-02 01:13,26,.5,88.6
402,2019-08-02 01:14,26,.5,88.4
402,2019-08-02 01:15,26,.6,88.3
402,2019-08-02 01:16,26,.6,88.2
402,2019-08-02 01:17,26,.3,88.3
402,2019-08-02 01:18,25.9,0,88.3
402,2019-08-02 01:19,25.9,0,88.3
402,2019-08-02 01:20,25.9,0,88.3
402,2019-08-02 01:21,26,0,88.3
402,2019-08-02 01:22,26,0,88.2
402,2019-08-02 01:23,26,0,88.2
402,2019-08-02 01:24,26,0,88.1
402,2019-08-02 01:25,26,0,88.1
402,2019-08-02 01:26,26,0,88.1
402,2019-08-02 01:27,26,0,88.2
402,2019-08-02 01:28,26,0,88.1
402,2019-08-02 01:29,26,0,88.1
402,2019-08-02 01:30,25.9,.1,88.2
402,2019-08-02 01:31,25.8,.9,88.4
402,2019-08-02 01:32,25.7,.8,88.7
402,2019-08-02 01:33,25.7,1.1,89
402,2019-08-02 01:34,25.6,.9,89.2
402,2019-08-02 01:35,25.6,1.3,89.4
402,2019-08-02 01:36,25.6,1.1,89.5
402,2019-08-02 01:37,25.5,1.2,89.7
402,2019-08-02 01:38,25.5,1.1,89.8
402,2019-08-02 01:39,25.5,1.3,89.9
402,2019-08-02 01:40,25.5,1,90.1
402,2019-08-02 01:41,25.4,.8,90.2
402,2019-08-02 01:42,25.4,.6,90.3
402,2019-08-02 01:43,25.4,1,90.4
402,2019-08-02 01:44,25.4,1.2,90.5
402,2019-08-02 01:45,25.4,1.1,90.5
402,2019-08-02 01:46,25.3,1.3,90.6
402,2019-08-02 01:47,25.3,1.3,90.7
402,2019-08-02 01:48,25.3,1.2,90.9
402,2019-08-02 01:49,25.3,1.2,90.9
402,2019-08-02 01:50,25.3,1.2,90.9
402,2019-08-02 01:51,25.3,1.1,90.9
402,2019-08-02 01:52,25.3,1.2,90.9
402,2019-08-02 01:53,25.3,1,90.8
402,2019-08-02 01:54,25.3,.9,90.9
402,2019-08-02 01:55,25.3,.8,90.9
402,2019-08-02 01:56,25.3,.4,90.9
402,2019-08-02 01:57,25.3,0,90.9
402,2019-08-02 01:58,25.4,.4,90.9
402,2019-08-02 01:59,25.4,.7,90.8
402,2019-08-02 02:00,25.3,.6,90.8
402,2019-08-02 02:01,25.4,.3,90.8
402,2019-08-02 02:02,25.4,.1,90.8
402,2019-08-02 02:03,25.4,0,90.8
402,2019-08-02 02:04,25.4,0,90.7
402,2019-08-02 02:05,25.4,0,90.6
402,2019-08-02 02:06,25.4,0,90.5
402,2019-08-02 02:07,25.4,0,90.6
402,2019-08-02 02:08,25.4,0,90.5
402,2019-08-02 02:09,25.3,0,90.6
402,2019-08-02 02:10,25.3,0,90.8
402,2019-08-02 02:11,25.3,.7,90.9
402,2019-08-02 02:12,25.3,.7,91.1
402,2019-08-02 02:13,25.4,.5,91.2
402,2019-08-02 02:14,25.4,0,91.2
402,2019-08-02 02:15,25.4,.5,91.2
402,2019-08-02 02:16,25.4,.1,91.2
402,2019-08-02 02:17,25.4,0,91.3
402,2019-08-02 02:18,25.4,0,91.3
402,2019-08-02 02:19,25.4,0,91.2
402,2019-08-02 02:20,25.5,0,91.2
402,2019-08-02 02:21,25.5,0,91.3
402,2019-08-02 02:22,25.5,0,91.2
402,2019-08-02 02:23,25.5,0,91.3
402,2019-08-02 02:24,25.5,0,91.3
402,2019-08-02 02:25,25.5,0,91.2
402,2019-08-02 02:26,25.5,0,91.2
402,2019-08-02 02:27,25.5,0,91.2
402,2019-08-02 02:28,25.5,0,91.2
402,2019-08-02 02:29,25.5,0,91.2
402,2019-08-02 02:30,25.5,0,91.1
402,2019-08-02 02:31,25.5,0,91.2
402,2019-08-02 02:32,25.5,0,91.1
402,2019-08-02 02:33,25.6,0,91.1
402,2019-08-02 02:34,25.6,.7,91
402,2019-08-02 02:35,25.5,1.3,90.9
402,2019-08-02 02:36,25.4,.9,90.9
402,2019-08-02 02:37,25.4,.8,91.1
402,2019-08-02 02:38,25.4,.9,91.1
402,2019-08-02 02:39,25.3,.9,91.2
402,2019-08-02 02:40,25.3,1,91.2
402,2019-08-02 02:41,25.3,.9,91.3
402,2019-08-02 02:42,25.3,.9,91.3
402,2019-08-02 02:43,25.3,1,91.3
402,2019-08-02 02:44,25.2,.9,91.4
402,2019-08-02 02:45,25.2,1.2,91.5
402,2019-08-02 02:46,25.2,.9,91.6
402,2019-08-02 02:47,25.2,.9,91.6
402,2019-08-02 02:48,25.2,.4,91.8
402,2019-08-02 02:49,25.1,.3,91.8
402,2019-08-02 02:50,25.2,0,92
402,2019-08-02 02:51,25.2,0,92.1
402,2019-08-02 02:52,25.3,0,92.1
402,2019-08-02 02:53,25.3,0,92
402,2019-08-02 02:54,25.3,0,92
402,2019-08-02 02:55,25.3,0,91.9
402,2019-08-02 02:56,25.3,0,91.8
402,2019-08-02 02:57,25.3,0,91.8
402,2019-08-02 02:58,25.3,0,91.8
402,2019-08-02 02:59,25.3,0,91.8
402,2019-08-02 03:00,25.3,0,91.8
402,2019-08-02 03:01,25.4,0,91.8
402,2019-08-02 03:02,25.4,0,91.7
402,2019-08-02 03:03,25.4,0,91.8
402,2019-08-02 03:04,25.4,0,91.8
402,2019-08-02 03:05,25.4,0,91.7
402,2019-08-02 03:06,25.4,0,91.8
402,2019-08-02 03:07,25.4,0,91.7
402,2019-08-02 03:08,25.3,0,91.7
402,2019-08-02 03:09,25.3,0,91.7
402,2019-08-02 03:10,25.2,.8,91.8
402,2019-08-02 03:11,25.2,0,92.1
402,2019-08-02 03:12,25.2,0,92.2
402,2019-08-02 03:13,25.3,0,92.2
402,2019-08-02 03:14,25.3,0,92.2
402,2019-08-02 03:15,25.3,0,92.1
402,2019-08-02 03:16,25.3,0,92
402,2019-08-02 03:17,25.3,0,92
402,2019-08-02 03:18,25.3,0,92.1
402,2019-08-02 03:19,25.3,0,92
402,2019-08-02 03:20,25.2,0,92
402,2019-08-02 03:21,25.2,0,92.1
402,2019-08-02 03:22,25.1,1.2,92.2
402,2019-08-02 03:23,25.1,.4,92.3
402,2019-08-02 03:24,25.1,0,92.4
402,2019-08-02 03:25,25.1,0,92.6
402,2019-08-02 03:26,25.1,0,92.6
402,2019-08-02 03:27,25.1,0,92.6
402,2019-08-02 03:28,25.1,0,92.7
402,2019-08-02 03:29,25.1,0,92.8
402,2019-08-02 03:30,25.1,0,92.9
402,2019-08-02 03:31,25,0,93
402,2019-08-02 03:32,25,.9,92.9
402,2019-08-02 03:33,25,.8,93
402,2019-08-02 03:34,25,.9,93
402,2019-08-02 03:35,25,.8,93.1
402,2019-08-02 03:36,24.9,.6,93.1
402,2019-08-02 03:37,24.9,.4,93.2
402,2019-08-02 03:38,24.9,.7,93.3
402,2019-08-02 03:39,24.9,.2,93.4
402,2019-08-02 03:40,24.9,.5,93.5
402,2019-08-02 03:41,24.9,.3,93.6
402,2019-08-02 03:42,24.9,.6,93.6
402,2019-08-02 03:43,24.9,.6,93.6
402,2019-08-02 03:44,24.9,.8,93.7
402,2019-08-02 03:45,24.8,1.1,93.6
402,2019-08-02 03:46,24.8,1,93.7
402,2019-08-02 03:47,24.8,.8,93.8
402,2019-08-02 03:48,24.7,.9,93.9
402,2019-08-02 03:49,24.7,.9,94
402,2019-08-02 03:50,24.7,.9,94.1
402,2019-08-02 03:51,24.7,.7,94.1
402,2019-08-02 03:52,24.7,.7,94.2
402,2019-08-02 03:53,24.7,0,94.3
402,2019-08-02 03:54,24.7,.7,94.4
402,2019-08-02 03:55,24.7,.6,94.4
402,2019-08-02 03:56,24.7,.6,94.5
402,2019-08-02 03:57,24.7,.2,94.6
402,2019-08-02 03:58,24.7,.7,94.5
402,2019-08-02 03:59,24.7,1,94.6
402,2019-08-02 04:00,24.7,.7,94.7
402,2019-08-02 04:01,24.7,.7,94.7
402,2019-08-02 04:02,24.7,1.1,94.8
402,2019-08-02 04:03,24.7,1,94.8
402,2019-08-02 04:04,24.7,.9,94.9
402,2019-08-02 04:05,24.7,.7,94.9
402,2019-08-02 04:06,24.7,.9,94.9
402,2019-08-02 04:07,24.7,1,94.9
402,2019-08-02 04:08,24.7,.8,94.9
402,2019-08-02 04:09,24.7,.8,94.9
402,2019-08-02 04:10,24.7,.6,94.9
402,2019-08-02 04:11,24.7,.4,94.9
402,2019-08-02 04:12,24.7,.7,94.9
402,2019-08-02 04:13,24.7,.3,94.9
402,2019-08-02 04:14,24.7,.7,94.9
402,2019-08-02 04:15,24.7,.4,94.9
402,2019-08-02 04:16,24.7,.8,94.9
402,2019-08-02 04:17,24.6,.5,94.9
402,2019-08-02 04:18,24.7,.4,95
402,2019-08-02 04:19,24.7,.5,94.9
402,2019-08-02 04:20,24.7,0,95
402,2019-08-02 04:21,24.7,0,95
402,2019-08-02 04:22,24.7,0,95
402,2019-08-02 04:23,24.7,0,95
402,2019-08-02 04:24,24.7,0,95
402,2019-08-02 04:25,24.7,0,95
402,2019-08-02 04:26,24.7,0,95
402,2019-08-02 04:27,24.7,0,95.1
402,2019-08-02 04:28,24.7,0,95.1
402,2019-08-02 04:29,24.7,.7,95.1
402,2019-08-02 04:30,24.7,.5,95.1
402,2019-08-02 04:31,24.7,.3,95.2
402,2019-08-02 04:32,24.7,0,95.2
402,2019-08-02 04:33,24.7,0,95.2
402,2019-08-02 04:34,24.8,0,95.2
402,2019-08-02 04:35,24.8,0,95.1
402,2019-08-02 04:36,24.8,.7,95
402,2019-08-02 04:37,24.8,.3,95
402,2019-08-02 04:38,24.8,1,95.1
402,2019-08-02 04:39,24.9,.3,95.1
402,2019-08-02 04:40,24.9,0,94.9
402,2019-08-02 04:41,24.8,0,94.9
402,2019-08-02 04:42,24.8,0,94.8
402,2019-08-02 04:43,24.8,0,94.9
402,2019-08-02 04:44,24.8,.5,94.8
402,2019-08-02 04:45,24.8,.5,94.8
402,2019-08-02 04:46,24.8,.5,94.8
402,2019-08-02 04:47,24.8,0,94.9
402,2019-08-02 04:48,24.8,0,94.9
402,2019-08-02 04:49,24.8,.7,94.9
402,2019-08-02 04:50,24.8,.1,94.9
402,2019-08-02 04:51,24.7,1.4,94.9
402,2019-08-02 04:52,24.7,1.2,94.9
402,2019-08-02 04:53,24.7,.7,94.9
402,2019-08-02 04:54,24.7,.9,94.9
402,2019-08-02 04:55,24.7,.9,95
402,2019-08-02 04:56,24.7,.7,95
402,2019-08-02 04:57,24.7,1,95
402,2019-08-02 04:58,24.7,.6,95
402,2019-08-02 04:59,24.7,.7,95
402,2019-08-02 05:00,24.7,.4,95
402,2019-08-02 05:01,24.7,.6,94.9
402,2019-08-02 05:02,24.7,.4,94.9
402,2019-08-02 05:03,24.7,.5,94.9
402,2019-08-02 05:04,24.7,.4,94.9
402,2019-08-02 05:05,24.7,0,94.9
402,2019-08-02 05:06,24.7,0,94.9
402,2019-08-02 05:07,24.7,0,94.9
402,2019-08-02 05:08,24.7,.9,94.8
402,2019-08-02 05:09,24.7,.8,94.9
402,2019-08-02 05:10,24.7,.8,94.9
402,2019-08-02 05:11,24.7,0,94.8
402,2019-08-02 05:12,24.7,0,94.8
402,2019-08-02 05:13,24.7,0,94.8
402,2019-08-02 05:14,24.7,.9,94.9
402,2019-08-02 05:15,24.7,.6,94.8
402,2019-08-02 05:16,24.7,1.8,94.8
402,2019-08-02 05:17,24.6,1.9,94.7
402,2019-08-02 05:18,24.6,1.5,94.7
402,2019-08-02 05:19,24.6,.6,94.8
402,2019-08-02 05:20,24.6,1.7,94.9
402,2019-08-02 05:21,24.6,1.5,94.9
402,2019-08-02 05:22,24.7,.5,94.9
402,2019-08-02 05:23,24.7,.6,94.9
402,2019-08-02 05:24,24.7,.6,94.9
402,2019-08-02 05:25,24.7,.5,94.9
402,2019-08-02 05:26,24.7,.6,94.8
402,2019-08-02 05:27,24.7,.4,94.8
402,2019-08-02 05:28,24.7,1.5,94.8
402,2019-08-02 05:29,24.7,1.3,94.8
402,2019-08-02 05:30,24.7,2,94.7
402,2019-08-02 05:31,24.7,1.3,94.7
402,2019-08-02 05:32,24.7,1.4,94.7
402,2019-08-02 05:33,24.7,1.5,94.6
402,2019-08-02 05:34,24.7,1.8,94.6
402,2019-08-02 05:35,24.7,1.7,94.5
402,2019-08-02 05:36,24.7,1.8,94.5
402,2019-08-02 05:37,24.7,2.1,94.4
402,2019-08-02 05:38,24.7,2.1,94.4
402,2019-08-02 05:39,24.7,2.2,94.3
402,2019-08-02 05:40,24.7,1.6,94.4
402,2019-08-02 05:41,24.7,1.6,94.3
402,2019-08-02 05:42,24.7,1.9,94.5
402,2019-08-02 05:43,24.7,1,94.5
402,2019-08-02 05:44,24.7,.6,94.5
402,2019-08-02 05:45,24.7,.5,94.4
402,2019-08-02 05:46,24.7,.4,94.4
402,2019-08-02 05:47,24.7,1,94.4
402,2019-08-02 05:48,24.7,1.5,94.4
402,2019-08-02 05:49,24.7,1.6,94.4
402,2019-08-02 05:50,24.7,1.1,94.4
402,2019-08-02 05:51,24.7,1.1,94.4
402,2019-08-02 05:52,24.7,1.3,94.5
402,2019-08-02 05:53,24.7,1.4,94.5
402,2019-08-02 05:54,24.6,1,94.5
402,2019-08-02 05:55,24.7,1.6,94.6
402,2019-08-02 05:56,24.6,1.5,94.6
402,2019-08-02 05:57,24.6,1.3,94.6
402,2019-08-02 05:58,24.6,1.4,94.6
402,2019-08-02 05:59,24.6,1.6,94.6
402,2019-08-02 06:00,24.6,1.3,94.7
402,2019-08-02 06:01,24.6,1.8,94.7
402,2019-08-02 06:02,24.6,1.9,94.7
402,2019-08-02 06:03,24.6,2,94.7
402,2019-08-02 06:04,24.7,1.8,94.7
402,2019-08-02 06:05,24.7,1.3,94.7
402,2019-08-02 06:06,24.7,1.3,94.7
402,2019-08-02 06:07,24.7,1.9,94.8
402,2019-08-02 06:08,24.7,1.9,94.8
402,2019-08-02 06:09,24.7,1.4,94.8
402,2019-08-02 06:10,24.7,1.7,94.8
402,2019-08-02 06:11,24.7,1.3,94.8
402,2019-08-02 06:12,24.7,1.6,94.8
402,2019-08-02 06:13,24.7,1.5,94.8
402,2019-08-02 06:14,24.8,.9,94.8
402,2019-08-02 06:15,24.8,1.2,94.7
402,2019-08-02 06:16,24.8,1.1,94.7
402,2019-08-02 06:17,24.8,1.1,94.6
402,2019-08-02 06:18,24.8,1.3,94.5
402,2019-08-02 06:19,24.9,.8,94.5
402,2019-08-02 06:20,24.9,.8,94.4
402,2019-08-02 06:21,24.9,.4,94.3
402,2019-08-02 06:22,25,.4,94.2
402,2019-08-02 06:23,25,0,94.1
402,2019-08-02 06:24,25,.2,94.1
402,2019-08-02 06:25,25,.5,94
402,2019-08-02 06:26,25,0,93.8
402,2019-08-02 06:27,25,.5,93.7
402,2019-08-02 06:28,25.1,0,93.8
402,2019-08-02 06:29,25,0,93.5
402,2019-08-02 06:30,25.1,0,93.4
402,2019-08-02 06:31,25.2,0,93.7
402,2019-08-02 06:32,25.2,0,93.5
402,2019-08-02 06:33,25.2,0,93.3
402,2019-08-02 06:34,25.2,.9,93.2
402,2019-08-02 06:35,25.3,1,93.1
402,2019-08-02 06:36,25.2,.9,93
402,2019-08-02 06:37,25.2,.9,92.7
402,2019-08-02 06:38,25.2,1.4,92.7
402,2019-08-02 06:39,25.2,1.3,92.5
402,2019-08-02 06:40,25.2,.9,92.5
402,2019-08-02 06:41,25.2,.7,92.5
402,2019-08-02 06:42,25.2,1.3,92.6
402,2019-08-02 06:43,25.2,1.8,92.7
402,2019-08-02 06:44,25.1,1.8,92.6
402,2019-08-02 06:45,25.1,1.7,92.8
402,2019-08-02 06:46,25.1,2.2,92.7
402,2019-08-02 06:47,25,1.6,92.7
402,2019-08-02 06:48,25,1.7,92.7
402,2019-08-02 06:49,25,2.1,92.8
402,2019-08-02 06:50,25,1.5,92.9
402,2019-08-02 06:51,25,1.7,93.1
402,2019-08-02 06:52,25,1.6,92.9
402,2019-08-02 06:53,25,2.1,93.1
402,2019-08-02 06:54,25,1.8,93
402,2019-08-02 06:55,25,2.3,93.1
402,2019-08-02 06:56,25.1,1.5,92.9
402,2019-08-02 06:57,25.1,2,93
402,2019-08-02 06:58,25.1,1.8,92.8
402,2019-08-02 06:59,25.1,.9,93
402,2019-08-02 07:00,25.1,1.4,92.8
402,2019-08-02 07:01,25.1,1.2,92.7
402,2019-08-02 07:02,25.2,1,93
402,2019-08-02 07:03,25.3,1.2,93
402,2019-08-02 07:04,25.3,.8,92.9
402,2019-08-02 07:05,25.3,.8,92.8
402,2019-08-02 07:06,25.4,.9,92.5
402,2019-08-02 07:07,25.5,1,92.3
402,2019-08-02 07:08,25.5,1,92.3
402,2019-08-02 07:09,25.5,1,91.9
402,2019-08-02 07:10,25.5,1,91.5
402,2019-08-02 07:11,25.5,1.1,91.4
402,2019-08-02 07:12,25.5,.7,91.2
402,2019-08-02 07:13,25.5,.9,91.2
402,2019-08-02 07:14,25.5,.6,91
402,2019-08-02 07:15,25.5,.9,90.8
402,2019-08-02 07:16,25.6,.9,90.8
402,2019-08-02 07:17,25.6,1.2,90.8
402,2019-08-02 07:18,25.7,1.3,90.7
402,2019-08-02 07:19,25.7,1.2,90.6
402,2019-08-02 07:20,25.7,.9,90.5
402,2019-08-02 07:21,25.7,.8,90.2
402,2019-08-02 07:22,25.7,.6,90
402,2019-08-02 07:23,25.7,.6,90
402,2019-08-02 07:24,25.8,.8,89.8
402,2019-08-02 07:25,25.9,.8,89.9
402,2019-08-02 07:26,25.9,.5,89.2
402,2019-08-02 07:27,25.9,.1,89.4
402,2019-08-02 07:28,25.9,.4,89.1
402,2019-08-02 07:29,25.9,.6,89.1
402,2019-08-02 07:30,26,.2,89.3
402,2019-08-02 07:31,26.1,0,89
402,2019-08-02 07:32,26.1,0,88.9
402,2019-08-02 07:33,26.1,0,89.3
402,2019-08-02 07:34,26.1,0,89.2
402,2019-08-02 07:35,26.1,.3,89.2
402,2019-08-02 07:36,26.1,0,88.5
402,2019-08-02 07:37,26.2,.1,89.5
402,2019-08-02 07:38,26.3,.4,88.4
402,2019-08-02 07:39,26.4,.4,88.7
402,2019-08-02 07:40,26.5,1.3,87.6
402,2019-08-02 07:41,26.5,.8,87.7
402,2019-08-02 07:42,26.6,.3,86.7
402,2019-08-02 07:43,26.6,.1,87.3
402,2019-08-02 07:44,26.6,1.1,86.8
402,2019-08-02 07:45,26.7,.9,86.5
402,2019-08-02 07:46,26.7,1.4,86
402,2019-08-02 07:47,26.7,1,85.6
402,2019-08-02 07:48,26.7,.6,85.6
402,2019-08-02 07:49,26.7,.8,85.5
402,2019-08-02 07:50,26.8,1,86.1
402,2019-08-02 07:51,26.8,.4,84.9
402,2019-08-02 07:52,26.7,0,85.6
402,2019-08-02 07:53,26.7,0,84.8
402,2019-08-02 07:54,26.6,0,85.7
402,2019-08-02 07:55,26.7,1.1,85.7
402,2019-08-02 07:56,27.1,1.8,85.6
402,2019-08-02 07:57,27.2,1.9,84.1
402,2019-08-02 07:58,26.9,1.7,83.9
402,2019-08-02 07:59,26.8,1.4,84.5
402,2019-08-02 08:00,26.7,.6,84.6
402,2019-08-02 08:01,26.5,0,84.7
402,2019-08-02 08:02,26.5,0,85.2
402,2019-08-02 08:03,26.5,.2,85.1
402,2019-08-02 08:04,26.6,.8,85.4
402,2019-08-02 08:05,26.7,1.4,85.6
402,2019-08-02 08:06,26.8,.5,85.5
402,2019-08-02 08:07,26.9,1.4,84.6
402,2019-08-02 08:08,26.8,1.3,84.9
402,2019-08-02 08:09,26.9,.7,85.2
402,2019-08-02 08:10,27,.9,85.5
402,2019-08-02 08:11,27.1,.4,85.4
402,2019-08-02 08:12,27.2,.6,84.2
402,2019-08-02 08:13,27.2,.7,83.6
402,2019-08-02 08:14,27.2,.2,83.5
402,2019-08-02 08:15,27.4,1.5,83.1
402,2019-08-02 08:16,27.6,.5,82.9
402,2019-08-02 08:17,27.8,1.9,82.5
402,2019-08-02 08:18,27.8,2,81.7
402,2019-08-02 08:19,27.6,2,80.6
402,2019-08-02 08:20,27.6,1.4,81.1
402,2019-08-02 08:21,27.5,1.1,79.7
402,2019-08-02 08:22,27.4,.5,80.6
402,2019-08-02 08:23,27.6,1.1,79.8
402,2019-08-02 08:24,27.3,1.3,80.1
402,2019-08-02 08:25,27.3,1.4,81.2
402,2019-08-02 08:26,27.4,.8,80.1
402,2019-08-02 08:27,27.3,1.2,80
402,2019-08-02 08:28,27.3,.8,80
402,2019-08-02 08:29,27.4,.4,81.3
402,2019-08-02 08:30,27.8,1.4,80.3
402,2019-08-02 08:31,28,1.6,79.8
402,2019-08-02 08:32,28,1.7,78.9
402,2019-08-02 08:33,27.8,1.6,79.8
402,2019-08-02 08:34,28,1.3,79.3
402,2019-08-02 08:35,28.1,1,78.9
402,2019-08-02 08:36,28.1,.5,79.4
402,2019-08-02 08:37,27.9,.8,78.4
402,2019-08-02 08:38,28.1,1.8,79.9
402,2019-08-02 08:39,28.2,1.1,79.2
402,2019-08-02 08:40,28.1,1.6,79.5
402,2019-08-02 08:41,28.2,2,81.3
402,2019-08-02 08:42,28.1,2.4,80.1
402,2019-08-02 08:43,28,1.4,79.8
402,2019-08-02 08:44,27.9,1.3,79.1
402,2019-08-02 08:45,27.7,1.4,79
402,2019-08-02 08:46,27.7,1,80.2
402,2019-08-02 08:47,27.8,1,79.4
402,2019-08-02 08:48,27.9,1,79.9
402,2019-08-02 08:49,28,1,79.8
402,2019-08-02 08:50,28,1.3,80
402,2019-08-02 08:51,28.2,.6,79.6
402,2019-08-02 08:52,28.3,.2,79.1
402,2019-08-02 08:53,28.5,.5,78
402,2019-08-02 08:54,28.4,.9,77.3
402,2019-08-02 08:55,28.3,1.7,77.6
402,2019-08-02 08:56,28.4,1.3,78.3
402,2019-08-02 08:57,28.5,.6,77.5
402,2019-08-02 08:58,28.6,1.5,76.2
402,2019-08-02 08:59,28.4,.8,76.3
402,2019-08-02 09:00,28.4,1.3,76.7
402,2019-08-02 09:01,28.5,1.8,76.5
402,2019-08-02 09:02,28.6,1.8,76.6
402,2019-08-02 09:03,28.6,1.4,76.5
402,2019-08-02 09:04,28.7,1.7,76.2
402,2019-08-02 09:05,28.8,.5,74.8
402,2019-08-02 09:06,28.9,1.6,74.8
402,2019-08-02 09:07,28.9,1.6,74.9
402,2019-08-02 09:08,28.8,2.4,75.6
402,2019-08-02 09:09,28.7,1.8,74.9
402,2019-08-02 09:10,28.5,1.6,75.3
402,2019-08-02 09:11,28.6,1.4,74.9
402,2019-08-02 09:12,28.6,1.4,74.5
402,2019-08-02 09:13,28.5,1.7,75
402,2019-08-02 09:14,28.7,1.1,74.9
402,2019-08-02 09:15,28.5,1.6,74.5
402,2019-08-02 09:16,28.4,1,76.2
402,2019-08-02 09:17,28.5,.3,74.2
402,2019-08-02 09:18,28.4,1.1,74.8
402,2019-08-02 09:19,28.6,2.4,76.1
402,2019-08-02 09:20,28.7,1.9,74.1
402,2019-08-02 09:21,28.6,1.3,74.2
402,2019-08-02 09:22,28.4,1,74.6
402,2019-08-02 09:23,28.6,.6,74.7
402,2019-08-02 09:24,28.4,0,75.3
402,2019-08-02 09:25,28.3,.3,75.7
402,2019-08-02 09:26,28.4,.1,75.4
402,2019-08-02 09:27,28.3,.5,74.8
402,2019-08-02 09:28,28.4,1.9,75.2
402,2019-08-02 09:29,28.3,1.6,75.1
402,2019-08-02 09:30,28.3,1.7,74.6
402,2019-08-02 09:31,28.3,1.3,74.3
402,2019-08-02 09:32,28.1,.9,74.1
402,2019-08-02 09:33,28,.9,75.1
402,2019-08-02 09:34,28,1.8,74.8
402,2019-08-02 09:35,28,.6,74.7
402,2019-08-02 09:36,27.9,.8,75.4
402,2019-08-02 09:37,27.9,.1,75.5
402,2019-08-02 09:38,27.9,0,75.4
402,2019-08-02 09:39,27.9,0,75.9
402,2019-08-02 09:40,28,0,76.9
402,2019-08-02 09:41,28,.1,76.6
402,2019-08-02 09:42,28,.5,77
402,2019-08-02 09:43,28.1,.3,77.3
402,2019-08-02 09:44,28.3,.5,76.4
402,2019-08-02 09:45,28.5,1.2,76.4
402,2019-08-02 09:46,28.4,1.5,75.2
402,2019-08-02 09:47,28.4,1.5,74.6
402,2019-08-02 09:48,28.4,.7,74.2
402,2019-08-02 09:49,28.2,0,75
402,2019-08-02 09:50,28.4,.2,76
402,2019-08-02 09:51,28.5,.4,75.3
402,2019-08-02 09:52,28.5,1,75.2
402,2019-08-02 09:53,28.7,.7,75
402,2019-08-02 09:54,28.9,1.3,73.5
402,2019-08-02 09:55,28.6,1,73.8
402,2019-08-02 09:56,28.6,.4,74
402,2019-08-02 09:57,28.6,.2,74.3
402,2019-08-02 09:58,28.7,.6,73.9
402,2019-08-02 09:59,28.6,.8,74
402,2019-08-02 10:00,28.7,2.7,74.6
402,2019-08-02 10:01,28.9,1.6,74.4
402,2019-08-02 10:02,28.9,2,73.6
402,2019-08-02 10:03,28.7,2.1,73.2
402,2019-08-02 10:04,28.7,1.9,73.8
402,2019-08-02 10:05,28.7,1.8,74.1
402,2019-08-02 10:06,28.6,.9,73.8
402,2019-08-02 10:07,28.5,1.4,74
402,2019-08-02 10:08,28.5,.8,73.6
402,2019-08-02 10:09,28.4,1.3,73.8
402,2019-08-02 10:10,28.4,1.3,73.9
402,2019-08-02 10:11,28.5,.7,74
402,2019-08-02 10:12,28.5,.1,73.7
402,2019-08-02 10:13,28.4,1.1,75.3
402,2019-08-02 10:14,28.5,2.9,74.5
402,2019-08-02 10:15,28.5,2.3,73.5
402,2019-08-02 10:16,28.4,2,73.6
402,2019-08-02 10:17,28.4,1.6,73.9
402,2019-08-02 10:18,28.4,1.1,73.7
402,2019-08-02 10:19,28.4,1.5,73.5
402,2019-08-02 10:20,28.5,.7,73.3
402,2019-08-02 10:21,28.5,.4,73
402,2019-08-02 10:22,28.7,.5,72.9
402,2019-08-02 10:23,29,1.7,73.3
402,2019-08-02 10:24,29.2,1.2,73.3
402,2019-08-02 10:25,29.4,1.5,72.7
402,2019-08-02 10:26,29.5,2.6,72
402,2019-08-02 10:27,29.5,2.2,71.3
402,2019-08-02 10:28,29.2,1.8,70.5
402,2019-08-02 10:29,29,1.8,70.4
402,2019-08-02 10:30,29,2.2,70.8
402,2019-08-02 10:31,28.8,1.8,70.8
402,2019-08-02 10:32,28.8,1.9,71.6
402,2019-08-02 10:33,29.1,1.2,72.1
402,2019-08-02 10:34,29.1,1.1,72.6
402,2019-08-02 10:35,29.4,1.5,70
402,2019-08-02 10:36,29.4,1.2,68.7
402,2019-08-02 10:37,29.3,1,69.5
402,2019-08-02 10:38,29.5,1.5,69.7
402,2019-08-02 10:39,29.6,1.1,69.3
402,2019-08-02 10:40,29.4,.7,68.9
402,2019-08-02 10:41,29.2,1.3,68.8
402,2019-08-02 10:42,29.1,1.6,69.3
402,2019-08-02 10:43,29.1,.7,70.2
402,2019-08-02 10:44,29.1,.5,69.2
402,2019-08-02 10:45,29,.9,69.4
402,2019-08-02 10:46,29,1.3,70.1
402,2019-08-02 10:47,29.2,2,69.9
402,2019-08-02 10:48,29.2,1.1,70
402,2019-08-02 10:49,29.1,.8,69.4
402,2019-08-02 10:50,29,.6,69.4
402,2019-08-02 10:51,29,.5,69.5
402,2019-08-02 10:52,29,.8,69.4
402,2019-08-02 10:53,29.1,.9,71.1
402,2019-08-02 10:54,29.2,1,70.9
402,2019-08-02 10:55,29.4,.8,72.4
402,2019-08-02 10:56,29.6,.3,71.7
402,2019-08-02 10:57,29.7,.6,68.8
402,2019-08-02 10:58,29.6,.2,69.8
402,2019-08-02 10:59,29.4,0,68.4
402,2019-08-02 11:00,29.3,0,68.4
402,2019-08-02 11:01,29.5,0,69.4
402,2019-08-02 11:02,29.7,.5,67.4
402,2019-08-02 11:03,29.5,0,67.4
402,2019-08-02 11:04,29.6,.6,68.9
402,2019-08-02 11:05,29.9,.8,69.6
402,2019-08-02 11:06,30.2,1,67.1
402,2019-08-02 11:07,30.3,.1,67.9
402,2019-08-02 11:08,30.3,.7,65.5
402,2019-08-02 11:09,30.2,.7,65.1
402,2019-08-02 11:10,30.2,.5,65.6
402,2019-08-02 11:11,30.1,0,65.7
402,2019-08-02 11:12,29.9,0,65.6
402,2019-08-02 11:13,29.7,0,65.7
402,2019-08-02 11:14,29.6,.7,66.7
402,2019-08-02 11:15,29.6,.2,66.7
402,2019-08-02 11:16,29.6,1.1,67.5
402,2019-08-02 11:17,29.6,1.2,67.4
402,2019-08-02 11:18,29.6,1.1,68.4
402,2019-08-02 11:19,29.6,1.7,69.4
402,2019-08-02 11:20,29.7,1.7,68.4
402,2019-08-02 11:21,30,2.3,67.9
402,2019-08-02 11:22,30.1,1.5,67
402,2019-08-02 11:23,30.1,.7,68.2
402,2019-08-02 11:24,30.2,2,66.6
402,2019-08-02 11:25,30.3,1.9,66.8
402,2019-08-02 11:26,30.4,1.6,66.1
402,2019-08-02 11:27,30.4,1.3,64.8
402,2019-08-02 11:28,30.4,1.6,66
402,2019-08-02 11:29,30.4,1.1,64.4
402,2019-08-02 11:30,30.4,2,65.7
402,2019-08-02 11:31,30.6,1.2,65.9
402,2019-08-02 11:32,30.6,1,64.2
402,2019-08-02 11:33,30.8,1.9,65
402,2019-08-02 11:34,31.2,2,64.9
402,2019-08-02 11:35,31.3,1.4,64.5
402,2019-08-02 11:36,31.4,1.1,61.8
402,2019-08-02 11:37,31,1,61.6
402,2019-08-02 11:38,30.8,1.1,62.6
402,2019-08-02 11:39,30.9,1.2,62.8
402,2019-08-02 11:40,30.9,.8,63.4
402,2019-08-02 11:41,30.8,.8,61.8
402,2019-08-02 11:42,30.7,1.2,62.5
402,2019-08-02 11:43,30.7,.7,62.7
402,2019-08-02 11:44,30.7,1.6,63.2
402,2019-08-02 11:45,30.9,1.2,63
402,2019-08-02 11:46,30.8,1.5,61.4
402,2019-08-02 11:47,30.7,1.4,62.5
402,2019-08-02 11:48,30.7,0,62.6
402,2019-08-02 11:49,30.6,0,64.4
402,2019-08-02 11:50,30.7,2.5,63.4
402,2019-08-02 11:51,31,1.6,64.1
402,2019-08-02 11:52,31.5,1.3,64.4
402,2019-08-02 11:53,31.3,1.5,61.9
402,2019-08-02 11:54,31.1,2,60.9
402,2019-08-02 11:55,31.1,1.5,61.3
402,2019-08-02 11:56,31,1.5,60.9
402,2019-08-02 11:57,31,1.2,62.7
402,2019-08-02 11:58,31.1,1.6,61.9
402,2019-08-02 11:59,31.1,1.4,62
402,2019-08-02 12:00,31.3,1.1,62.9
402,2019-08-02 12:01,31.1,1.8,65.3
402,2019-08-02 12:02,31.2,.8,62.1
402,2019-08-02 12:03,31.1,0,61.6
402,2019-08-02 12:04,30.9,.9,60.7
402,2019-08-02 12:05,30.9,1.3,62.4
402,2019-08-02 12:06,31.2,1.3,62.1
402,2019-08-02 12:07,31.3,1.4,61.3
402,2019-08-02 12:08,31.6,1.3,61.5
402,2019-08-02 12:09,31.8,1.1,60.9
402,2019-08-02 12:10,31.7,1,59.6
402,2019-08-02 12:11,31.8,1.1,64.4
402,2019-08-02 12:12,32,2.6,62.2
402,2019-08-02 12:13,31.9,2.1,61.2
402,2019-08-02 12:14,31.7,1.8,59
402,2019-08-02 12:15,31.4,1.1,60.6
402,2019-08-02 12:16,31.5,1.1,59
402,2019-08-02 12:17,31.5,.8,59.1
402,2019-08-02 12:18,31.6,1,58.4
402,2019-08-02 12:19,31.4,2.2,57.8
402,2019-08-02 12:20,31.4,1.4,58.1
402,2019-08-02 12:21,31.4,1.9,57.1
402,2019-08-02 12:22,31.3,.8,58.1
402,2019-08-02 12:23,31,1.2,60
402,2019-08-02 12:24,30.9,1.5,60.8
402,2019-08-02 12:25,31,.3,61.3
402,2019-08-02 12:26,31.4,.8,61.1
402,2019-08-02 12:27,31.6,1.6,59.1
402,2019-08-02 12:28,31.7,.8,61.3
402,2019-08-02 12:29,31.7,0,61.8
402,2019-08-02 12:30,31.8,2.5,57.5
402,2019-08-02 12:31,31.7,.7,57.2
402,2019-08-02 12:32,31.5,.5,57.5
402,2019-08-02 12:33,31.3,.2,57.6
402,2019-08-02 12:34,31.3,1.5,61.9
402,2019-08-02 12:35,31.5,.3,57
402,2019-08-02 12:36,31.6,.2,58.7
402,2019-08-02 12:37,31.6,1.1,63.4
402,2019-08-02 12:38,31.8,.7,57.7
402,2019-08-02 12:39,31.9,1,59.2
402,2019-08-02 12:40,32.1,.5,56.6
402,2019-08-02 12:41,32.1,0,58.8
402,2019-08-02 12:42,32.1,1,56.6
402,2019-08-02 12:43,31.9,.5,55.3
402,2019-08-02 12:44,31.8,.4,60.4
402,2019-08-02 12:45,31.8,.1,58.3
402,2019-08-02 12:46,31.8,1.4,58
402,2019-08-02 12:47,31.6,1.6,57.8
402,2019-08-02 12:48,31.5,.3,59.1
402,2019-08-02 12:49,31.4,.9,57.5
402,2019-08-02 12:50,31.5,2.3,58.7
402,2019-08-02 12:51,31.6,.6,56.5
402,2019-08-02 12:52,31.6,1.2,56
402,2019-08-02 12:53,31.5,1.1,56.9
402,2019-08-02 12:54,31.5,.8,55.6
402,2019-08-02 12:55,31.6,1.2,57.9
402,2019-08-02 12:56,31.7,1.5,58.3
402,2019-08-02 12:57,31.8,1.3,56.3
402,2019-08-02 12:58,31.9,1.8,55.7
402,2019-08-02 12:59,31.9,1.9,55.6
402,2019-08-02 13:00,31.8,1.4,55.8
402,2019-08-02 13:01,31.6,.8,58.3
402,2019-08-02 13:02,31.4,1,55.6
402,2019-08-02 13:03,31.4,.3,57.6
402,2019-08-02 13:04,31.6,1,59
402,2019-08-02 13:05,31.6,.2,56.4
402,2019-08-02 13:06,31.8,.9,58
402,2019-08-02 13:07,31.9,1.5,56.4
402,2019-08-02 13:08,32,1.4,56.4
402,2019-08-02 13:09,32,1.3,55.5
402,2019-08-02 13:10,31.9,1,57.1
402,2019-08-02 13:11,31.7,1.1,55.4
402,2019-08-02 13:12,31.5,1.1,54.9
402,2019-08-02 13:13,31.5,1.2,55.5
402,2019-08-02 13:14,31.4,.7,56.2
402,2019-08-02 13:15,31.5,1.6,56.6
402,2019-08-02 13:16,31.6,1.2,56.8
402,2019-08-02 13:17,31.4,0,56.4
402,2019-08-02 13:18,31.4,.3,59.6
402,2019-08-02 13:19,31.4,.3,61.9
402,2019-08-02 13:20,31.4,.5,58.7
402,2019-08-02 13:21,31.4,1.4,58.9
402,2019-08-02 13:22,31.4,.7,58.3
402,2019-08-02 13:23,31.3,1.5,57.8
402,2019-08-02 13:24,31.2,.9,56.6
402,2019-08-02 13:25,31.2,.4,57.2
402,2019-08-02 13:26,31.2,.5,57
402,2019-08-02 13:27,31.2,.5,57.1
402,2019-08-02 13:28,31.1,.5,58.1
402,2019-08-02 13:29,31.2,.9,58
402,2019-08-02 13:30,31.3,.5,58
402,2019-08-02 13:31,31.4,.8,57
402,2019-08-02 13:32,31.4,.6,56.9
402,2019-08-02 13:33,31.6,.6,59.7
402,2019-08-02 13:34,31.8,1.2,58.3
402,2019-08-02 13:35,31.9,1.1,56.1
402,2019-08-02 13:36,32,1.4,56.1
402,2019-08-02 13:37,32.2,1,57.2
402,2019-08-02 13:38,32.2,1.5,57.4
402,2019-08-02 13:39,32.1,1.1,55.3
402,2019-08-02 13:40,32.1,1.7,56.1
402,2019-08-02 13:41,31.9,3,55.4
402,2019-08-02 13:42,31.8,2.8,55.7
402,2019-08-02 13:43,31.7,3.2,56.3
402,2019-08-02 13:44,31.6,2.6,56.2
402,2019-08-02 13:45,31.4,2.1,56.7
402,2019-08-02 13:46,31.3,1.9,56.9
402,2019-08-02 13:47,31.3,2,56.8
402,2019-08-02 13:48,31.3,.8,56.6
402,2019-08-02 13:49,31.3,1.1,57.8
402,2019-08-02 13:50,31.4,1.5,56.9
402,2019-08-02 13:51,31.4,1.2,56.2
402,2019-08-02 13:52,31.5,.9,58.1
402,2019-08-02 13:53,31.6,.9,57
402,2019-08-02 13:54,31.8,1.6,58.6
402,2019-08-02 13:55,31.8,1.1,57.5
402,2019-08-02 13:56,31.7,.9,57.4
402,2019-08-02 13:57,31.7,1,55.9
402,2019-08-02 13:58,31.6,1.6,56.6
402,2019-08-02 13:59,31.6,.7,57.2
402,2019-08-02 14:00,31.6,.9,57.4
402,2019-08-02 14:01,31.6,.2,58.2
402,2019-08-02 14:02,31.5,1.1,58
402,2019-08-02 14:03,31.5,1.4,57.4
402,2019-08-02 14:04,31.6,.2,57.8
402,2019-08-02 14:05,31.7,.7,56.2
402,2019-08-02 14:06,31.8,.9,55.8
402,2019-08-02 14:07,31.7,.2,55.3
402,2019-08-02 14:08,31.7,.8,55.9
402,2019-08-02 14:09,31.7,.9,55.9
402,2019-08-02 14:10,31.8,.6,57.3
402,2019-08-02 14:11,31.8,.2,56.7
402,2019-08-02 14:12,32.1,1.1,56.1
402,2019-08-02 14:13,32.2,1.7,57.2
402,2019-08-02 14:14,32.4,1.3,54.7
402,2019-08-02 14:15,32.5,1.2,57
402,2019-08-02 14:16,32.6,1.2,54.3
402,2019-08-02 14:17,32.6,2,54.6
402,2019-08-02 14:18,32.7,1.2,54.7
402,2019-08-02 14:19,32.8,2,54.5
402,2019-08-02 14:20,32.7,1.7,54.3
402,2019-08-02 14:21,32.6,1.9,55.6
402,2019-08-02 14:22,32.7,1.7,55.4
402,2019-08-02 14:23,32.8,2.3,54
402,2019-08-02 14:24,32.7,1.7,54.4
402,2019-08-02 14:25,32.6,2,53.4
402,2019-08-02 14:26,32.5,2.2,53.9
402,2019-08-02 14:27,32.4,1.9,52.7
402,2019-08-02 14:28,32.4,2.2,54.8
402,2019-08-02 14:29,32.5,1.7,54.9
402,2019-08-02 14:30,32.6,2.1,54.3
402,2019-08-02 14:31,32.7,1.9,53.3
402,2019-08-02 14:32,32.7,1.3,51.8
402,2019-08-02 14:33,32.6,1.1,52.6
402,2019-08-02 14:34,32.7,1.4,53.4
402,2019-08-02 14:35,32.7,.9,55.9
402,2019-08-02 14:36,32.6,0,53.5
402,2019-08-02 14:37,32.4,1.6,54.4
402,2019-08-02 14:38,32.4,1.9,54.1
402,2019-08-02 14:39,32.5,1.8,54.3
402,2019-08-02 14:40,32.5,.8,55.5
402,2019-08-02 14:41,32.7,1,54.2
402,2019-08-02 14:42,32.8,1.1,53.9
402,2019-08-02 14:43,32.7,1.1,54.5
402,2019-08-02 14:44,32.5,1.6,53.9
402,2019-08-02 14:45,32.4,.7,53.6
402,2019-08-02 14:46,32.3,0,54
402,2019-08-02 14:47,32.4,1.9,55.9
402,2019-08-02 14:48,32.5,1.7,54.8
402,2019-08-02 14:49,32.4,1.9,54.6
402,2019-08-02 14:50,32.4,1.9,53.7
402,2019-08-02 14:51,32.4,1.8,53.7
402,2019-08-02 14:52,32.4,1.3,52.2
402,2019-08-02 14:53,32.4,1.3,55.5
402,2019-08-02 14:54,32.5,1.3,53.1
402,2019-08-02 14:55,32.6,.9,54
402,2019-08-02 14:56,32.7,1.7,53.1
402,2019-08-02 14:57,32.7,1.6,54
402,2019-08-02 14:58,32.7,1,54.2
402,2019-08-02 14:59,32.9,1.1,52.8
402,2019-08-02 15:00,32.7,.8,51.8
402,2019-08-02 15:01,32.7,.5,52.5
402,2019-08-02 15:02,32.7,1.5,53.7
402,2019-08-02 15:03,32.8,2.1,53.2
402,2019-08-02 15:04,32.9,1.6,53
402,2019-08-02 15:05,32.8,1.6,53.7
402,2019-08-02 15:06,32.8,1.2,53.9
402,2019-08-02 15:07,32.8,1.7,52.8
402,2019-08-02 15:08,32.6,1.2,54.4
402,2019-08-02 15:09,32.6,2.7,54.6
402,2019-08-02 15:10,32.5,1.8,51.9
402,2019-08-02 15:11,32.3,1.4,52.6
402,2019-08-02 15:12,32.3,1.9,53.3
402,2019-08-02 15:13,32.3,1.8,53.8
402,2019-08-02 15:14,32.2,2.1,54.1
402,2019-08-02 15:15,32.3,1,55.4
402,2019-08-02 15:16,32.3,.4,52.5
402,2019-08-02 15:17,32.4,.7,52.9
402,2019-08-02 15:18,32.5,.4,52.9
402,2019-08-02 15:19,32.5,0,52.5
402,2019-08-02 15:20,32.7,.1,51.7
402,2019-08-02 15:21,32.8,.4,52.6
402,2019-08-02 15:22,32.8,.8,55
402,2019-08-02 15:23,32.9,.2,55.1
402,2019-08-02 15:24,33.1,.5,54.3
402,2019-08-02 15:25,33.1,.8,53.7
402,2019-08-02 15:26,32.9,.4,51.5
402,2019-08-02 15:27,32.9,.9,52
402,2019-08-02 15:28,32.8,1,50.5
402,2019-08-02 15:29,32.8,.4,50.5
402,2019-08-02 15:30,32.7,.8,51.9
402,2019-08-02 15:31,32.7,.8,51
402,2019-08-02 15:32,32.7,.6,50.5
402,2019-08-02 15:33,32.8,.1,51.8
402,2019-08-02 15:34,32.9,0,52
402,2019-08-02 15:35,33,1,52.4
402,2019-08-02 15:36,33.2,.7,51.4
402,2019-08-02 15:37,33.4,.6,52.3
402,2019-08-02 15:38,33.5,2.3,51.9
402,2019-08-02 15:39,33.6,1,51.9
402,2019-08-02 15:40,33.7,.4,52.2
402,2019-08-02 15:41,33.8,2.7,50.3
402,2019-08-02 15:42,33.6,2.1,49.9
402,2019-08-02 15:43,33.5,1.4,49.7
402,2019-08-02 15:44,33.5,1.8,50.5
402,2019-08-02 15:45,33.6,1.8,50.8
402,2019-08-02 15:46,33.5,.5,50.9
402,2019-08-02 15:47,33.6,1.6,51
402,2019-08-02 15:48,33.6,2.1,51.6
402,2019-08-02 15:49,33.5,1.8,49.5
402,2019-08-02 15:50,33.5,1.7,49.7
402,2019-08-02 15:51,33.5,1.5,49.8
402,2019-08-02 15:52,33.3,1.6,50.9
402,2019-08-02 15:53,33.2,.6,51.5
402,2019-08-02 15:54,33.1,.8,50.7
402,2019-08-02 15:55,33.1,1.1,51.1
402,2019-08-02 15:56,33.2,.5,51.7
402,2019-08-02 15:57,33.5,.7,51
402,2019-08-02 15:58,33.6,1.5,52
402,2019-08-02 15:59,33.5,1,50.5
402,2019-08-02 16:00,33.5,1.3,49.7
402,2019-08-02 16:01,33.5,.9,51.4
402,2019-08-02 16:02,33.7,2.6,50.6
402,2019-08-02 16:03,33.6,1.6,49.4
402,2019-08-02 16:04,33.4,1.6,50.5
402,2019-08-02 16:05,33.3,1.2,49.5
402,2019-08-02 16:06,33.3,1.2,50.5
402,2019-08-02 16:07,33.3,1.5,50.6
402,2019-08-02 16:08,33.2,1.2,51.8
402,2019-08-02 16:09,33.1,1.7,50.9
402,2019-08-02 16:10,33.1,1.4,50.6
402,2019-08-02 16:11,33.1,.7,49.7
402,2019-08-02 16:12,33.2,1.4,49.8
402,2019-08-02 16:13,33.3,1.3,50.2
402,2019-08-02 16:14,33.3,.9,53
402,2019-08-02 16:15,33.2,.8,50.7
402,2019-08-02 16:16,33.4,2.7,51.9
402,2019-08-02 16:17,33.5,1.5,50.7
402,2019-08-02 16:18,33.5,1.2,50.8
402,2019-08-02 16:19,33.4,1.1,50.6
402,2019-08-02 16:20,33.5,1,51
402,2019-08-02 16:21,33.4,2.1,51.4
402,2019-08-02 16:22,33.3,1.3,50.3
402,2019-08-02 16:23,33.3,1.9,49.6
402,2019-08-02 16:24,33.3,.8,49.6
402,2019-08-02 16:25,33.1,.2,49.3
402,2019-08-02 16:26,33.1,.2,49.3
402,2019-08-02 16:27,33.1,1.1,50.1
402,2019-08-02 16:28,33.2,1.1,52.2
402,2019-08-02 16:29,33.2,.8,51.4
402,2019-08-02 16:30,33.1,1.3,51.1
402,2019-08-02 16:31,33.1,.8,51
402,2019-08-02 16:32,33.1,.9,52.3
402,2019-08-02 16:33,33,.4,53.6
402,2019-08-02 16:34,33,.1,52.7
402,2019-08-02 16:35,33,0,51.2
402,2019-08-02 16:36,33,0,51
402,2019-08-02 16:37,33,1.2,52.3
402,2019-08-02 16:38,32.9,.7,52.7
402,2019-08-02 16:39,32.9,1.6,51.1
402,2019-08-02 16:40,32.9,.5,52.1
402,2019-08-02 16:41,32.7,1,51.6
402,2019-08-02 16:42,32.7,1.6,52
402,2019-08-02 16:43,32.8,1.6,51.6
402,2019-08-02 16:44,32.8,1.6,51.1
402,2019-08-02 16:45,32.8,.9,52.1
402,2019-08-02 16:46,32.8,.8,51.9
402,2019-08-02 16:47,32.8,1.9,51.2
402,2019-08-02 16:48,32.8,.2,52.5
402,2019-08-02 16:49,32.8,.1,52.8
402,2019-08-02 16:50,32.8,.6,54.1
402,2019-08-02 16:51,32.8,0,53.2
402,2019-08-02 16:52,32.9,.2,52.8
402,2019-08-02 16:53,33,1.7,52.2
402,2019-08-02 16:54,32.9,.9,52.5
402,2019-08-02 16:55,32.9,.2,53.4
402,2019-08-02 16:56,32.9,0,54.5
402,2019-08-02 16:57,32.8,.1,55.5
402,2019-08-02 16:58,32.8,.6,53.3
402,2019-08-02 16:59,32.8,.6,51.9
402,2019-08-02 17:00,32.8,.3,52.3
402,2019-08-02 17:01,32.7,.4,52.1
402,2019-08-02 17:02,32.8,0,51.9
402,2019-08-02 17:03,32.7,0,52.1
402,2019-08-02 17:04,32.7,0,51.8
402,2019-08-02 17:05,32.8,0,52.2
402,2019-08-02 17:06,32.8,1.3,52.2
402,2019-08-02 17:07,32.8,1.2,51.4
402,2019-08-02 17:08,32.8,1.6,52.6
402,2019-08-02 17:09,32.7,1.5,53.1
402,2019-08-02 17:10,32.6,1.1,52.6
402,2019-08-02 17:11,32.7,1.8,52
402,2019-08-02 17:12,32.7,1.1,52
402,2019-08-02 17:13,32.7,1.8,53.3
402,2019-08-02 17:14,32.7,1.4,52.7
402,2019-08-02 17:15,32.6,1.1,51.8
402,2019-08-02 17:16,32.7,.3,51.9
402,2019-08-02 17:17,32.7,2,51.9
402,2019-08-02 17:18,32.6,1.6,52.3
402,2019-08-02 17:19,32.6,.9,51.7
402,2019-08-02 17:20,32.6,.9,52.5
402,2019-08-02 17:21,32.6,.2,53.2
402,2019-08-02 17:22,32.6,.6,52.2
402,2019-08-02 17:23,32.6,1.4,51.9
402,2019-08-02 17:24,32.7,1,51.1
402,2019-08-02 17:25,32.7,.8,52.2
402,2019-08-02 17:26,32.7,1.2,51.6
402,2019-08-02 17:27,32.6,1,53.3
402,2019-08-02 17:28,32.6,.3,52.3
402,2019-08-02 17:29,32.7,.2,52.3
402,2019-08-02 17:30,32.7,0,52.5
402,2019-08-02 17:31,32.6,0,52
402,2019-08-02 17:32,32.7,.3,52.3
402,2019-08-02 17:33,32.7,.9,53
402,2019-08-02 17:34,32.8,1.5,52.9
402,2019-08-02 17:35,32.7,.7,53.8
402,2019-08-02 17:36,32.7,.1,53.5
402,2019-08-02 17:37,32.7,.1,52.6
402,2019-08-02 17:38,32.7,.1,52.9
402,2019-08-02 17:39,32.7,.6,53.7
402,2019-08-02 17:40,32.7,.7,54.6
402,2019-08-02 17:41,32.7,.5,55.3
402,2019-08-02 17:42,32.6,.7,55.6
402,2019-08-02 17:43,32.6,.5,56.2
402,2019-08-02 17:44,32.6,.7,57.1
402,2019-08-02 17:45,32.5,.4,56.6
402,2019-08-02 17:46,32.5,.4,56.5
402,2019-08-02 17:47,32.5,.3,56.6
402,2019-08-02 17:48,32.5,.9,57.1
402,2019-08-02 17:49,32.5,.4,57.2
402,2019-08-02 17:50,32.5,.8,57.1
402,2019-08-02 17:51,32.4,.5,57.1
402,2019-08-02 17:52,32.4,1,57.7
402,2019-08-02 17:53,32.3,.9,57
402,2019-08-02 17:54,32.3,1,57.4
402,2019-08-02 17:55,32.3,.8,57
402,2019-08-02 17:56,32.3,1.4,57.2
402,2019-08-02 17:57,32.3,.8,56.9
402,2019-08-02 17:58,32.3,.8,57.9
402,2019-08-02 17:59,32.3,.1,56.2
402,2019-08-02 18:00,32.4,.6,57
402,2019-08-02 18:01,32.4,.9,58.2
402,2019-08-02 18:02,32.3,.7,57.5
402,2019-08-02 18:03,32.2,.6,56.3
402,2019-08-02 18:04,32.2,.8,57.5
402,2019-08-02 18:05,32.3,.1,57.3
402,2019-08-02 18:06,32.2,.1,58.8
402,2019-08-02 18:07,32.2,.2,57.5
402,2019-08-02 18:08,32.3,.4,55.5
402,2019-08-02 18:09,32.3,.9,56.6
402,2019-08-02 18:10,32.4,.7,58.2
402,2019-08-02 18:11,32.4,.8,58.1
402,2019-08-02 18:12,32.4,.5,58.8
402,2019-08-02 18:13,32.4,1,60.1
402,2019-08-02 18:14,32.3,1,60.2
402,2019-08-02 18:15,32.2,.9,58.6
402,2019-08-02 18:16,32.1,.1,59.1
402,2019-08-02 18:17,32.1,.6,61.2
402,2019-08-02 18:18,32.1,.4,59.8
402,2019-08-02 18:19,32,.3,60.1
402,2019-08-02 18:20,32,0,59.4
402,2019-08-02 18:21,32.1,0,59.4
402,2019-08-02 18:22,32.1,0,59.7
402,2019-08-02 18:23,32.1,0,60
402,2019-08-02 18:24,32.2,0,60.9
402,2019-08-02 18:25,32.1,0,61.9
402,2019-08-02 18:26,32.1,.9,62.4
402,2019-08-02 18:27,32,.7,60.5
402,2019-08-02 18:28,32,.5,60.4
402,2019-08-02 18:29,32,.7,61.5
402,2019-08-02 18:30,32,.9,61.6
402,2019-08-02 18:31,31.9,.9,62.5
402,2019-08-02 18:32,31.8,.9,61.6
402,2019-08-02 18:33,31.9,.6,61.5
402,2019-08-02 18:34,31.9,.3,61.3
402,2019-08-02 18:35,31.9,0,61.9
402,2019-08-02 18:36,31.8,.8,61.7
402,2019-08-02 18:37,31.7,1,61.3
402,2019-08-02 18:38,31.8,.4,61.7
402,2019-08-02 18:39,31.8,0,61.1
402,2019-08-02 18:40,31.8,.7,61.2
402,2019-08-02 18:41,31.8,.4,61.5
402,2019-08-02 18:42,31.7,.5,62.4
402,2019-08-02 18:43,31.7,1,62.5
402,2019-08-02 18:44,31.7,.3,62.1
402,2019-08-02 18:45,31.6,.8,62.3
402,2019-08-02 18:46,31.6,.8,62.4
402,2019-08-02 18:47,31.6,1,62.2
402,2019-08-02 18:48,31.6,1.1,62.5
402,2019-08-02 18:49,31.6,.8,61.7
402,2019-08-02 18:50,31.6,.9,61.9
402,2019-08-02 18:51,31.6,1.2,62
402,2019-08-02 18:52,31.6,.5,61.9
402,2019-08-02 18:53,31.6,1.3,61.7
402,2019-08-02 18:54,31.6,.5,61.7
402,2019-08-02 18:55,31.6,1.4,61.7
402,2019-08-02 18:56,31.6,.3,61.7
402,2019-08-02 18:57,31.6,1.3,62
402,2019-08-02 18:58,31.5,1.3,62.4
402,2019-08-02 18:59,31.6,.8,62.8
402,2019-08-02 19:00,31.5,.9,62.9
402,2019-08-02 19:01,31.4,.8,63.7
402,2019-08-02 19:02,31.3,1.1,64.6
402,2019-08-02 19:03,31.2,.3,64.9
402,2019-08-02 19:04,31.2,.9,65.3
402,2019-08-02 19:05,31.1,.8,65.6
402,2019-08-02 19:06,31.1,.7,65.5
402,2019-08-02 19:07,31.1,.8,65.4
402,2019-08-02 19:08,31.1,.6,64.2
402,2019-08-02 19:09,31.2,1.2,64.4
402,2019-08-02 19:10,31.2,.7,64.3
402,2019-08-02 19:11,31.2,.7,64.7
402,2019-08-02 19:12,31.2,1,64.8
402,2019-08-02 19:13,31.2,1.2,65.1
402,2019-08-02 19:14,31.1,.7,64.5
402,2019-08-02 19:15,31.2,.6,64.4
402,2019-08-02 19:16,31.2,.6,64.7
402,2019-08-02 19:17,31.2,.8,65
402,2019-08-02 19:18,31.2,1.3,64.9
402,2019-08-02 19:19,31.1,1.1,65.5
402,2019-08-02 19:20,31.1,1.6,65.2
402,2019-08-02 19:21,31.1,.7,64.7
402,2019-08-02 19:22,31.1,1.1,64.6
402,2019-08-02 19:23,31.2,1.1,65
402,2019-08-02 19:24,31.1,.5,65
402,2019-08-02 19:25,31.1,1.4,65.4
402,2019-08-02 19:26,31,.8,65.7
402,2019-08-02 19:27,30.9,.4,66.1
402,2019-08-02 19:28,30.9,1.3,66.2
402,2019-08-02 19:29,30.9,1,66.2
402,2019-08-02 19:30,30.9,.6,66.2
402,2019-08-02 19:31,30.9,.9,66.4
402,2019-08-02 19:32,30.9,1.4,65.9
402,2019-08-02 19:33,30.9,1.2,65.9
402,2019-08-02 19:34,30.9,1,65.9
402,2019-08-02 19:35,30.9,.8,66.2
402,2019-08-02 19:36,30.9,.8,66.6
402,2019-08-02 19:37,30.8,1.3,66.5
402,2019-08-02 19:38,30.9,1,66.6
402,2019-08-02 19:39,30.9,.6,66.2
402,2019-08-02 19:40,30.9,.9,66.5
402,2019-08-02 19:41,30.9,.7,66.5
402,2019-08-02 19:42,30.8,1,66.6
402,2019-08-02 19:43,30.8,1.1,66.5
402,2019-08-02 19:44,30.8,1.3,66.5
402,2019-08-02 19:45,30.8,1.6,66.6
402,2019-08-02 19:46,30.8,.8,66.9
402,2019-08-02 19:47,30.7,1.7,66.9
402,2019-08-02 19:48,30.7,.7,67.1
402,2019-08-02 19:49,30.7,.4,67.4
402,2019-08-02 19:50,30.6,.7,67.7
402,2019-08-02 19:51,30.5,1.1,68.2
402,2019-08-02 19:52,30.4,1.5,68.6
402,2019-08-02 19:53,30.3,1.1,69
402,2019-08-02 19:54,30.2,.7,69.6
402,2019-08-02 19:55,30.2,1,69.5
402,2019-08-02 19:56,30.3,.8,69.5
402,2019-08-02 19:57,30.2,1.1,69.1
402,2019-08-02 19:58,30.3,.9,69.1
402,2019-08-02 19:59,30.3,.9,68.9
402,2019-08-02 20:00,30.3,1,68.8
402,2019-08-02 20:01,30.4,.7,68.8
402,2019-08-02 20:02,30.3,1.4,69.2
402,2019-08-02 20:03,30.2,1.4,69.5
402,2019-08-02 20:04,30.2,1,69.7
402,2019-08-02 20:05,30.2,1.2,69.8
402,2019-08-02 20:06,30.2,.8,69.8
402,2019-08-02 20:07,30.2,.9,69.8
402,2019-08-02 20:08,30.2,0,69.6
402,2019-08-02 20:09,30.3,1.2,69.5
402,2019-08-02 20:10,30.2,1,69.8
402,2019-08-02 20:11,30.2,.8,69.9
402,2019-08-02 20:12,30.2,.4,69.9
402,2019-08-02 20:13,30.2,.3,69.8
402,2019-08-02 20:14,30.2,1,69.9
402,2019-08-02 20:15,30.2,1.3,69.7
402,2019-08-02 20:16,30.2,.2,69.7
402,2019-08-02 20:17,30.3,0,69.9
402,2019-08-02 20:18,30.2,1.1,70.1
402,2019-08-02 20:19,30.1,1.1,70.5
402,2019-08-02 20:20,30.1,1,70.6
402,2019-08-02 20:21,30.1,.9,70.5
402,2019-08-02 20:22,30.1,.8,70.6
402,2019-08-02 20:23,30.1,.5,70.2
402,2019-08-02 20:24,30.2,1,70.1
402,2019-08-02 20:25,30.2,1.1,70.2
402,2019-08-02 20:26,30.2,1.1,70.4
402,2019-08-02 20:27,30.2,1.6,70.3
402,2019-08-02 20:28,30.2,0,70.1
402,2019-08-02 20:29,30.2,1,69.9
402,2019-08-02 20:30,30.2,.8,70
402,2019-08-02 20:31,30.2,.9,69.8
402,2019-08-02 20:32,30.2,1,69.9
402,2019-08-02 20:33,30.2,1.4,70
402,2019-08-02 20:34,30.2,.9,69.9
402,2019-08-02 20:35,30.2,.9,70
402,2019-08-02 20:36,30.1,.9,70.2
402,2019-08-02 20:37,30.1,.6,70.4
402,2019-08-02 20:38,30.2,1,70.5
402,2019-08-02 20:39,30.1,.5,70.3
402,2019-08-02 20:40,30.1,0,70.4
402,2019-08-02 20:41,30.1,.5,70.6
402,2019-08-02 20:42,30.1,.8,70.9
402,2019-08-02 20:43,30,.7,71
402,2019-08-02 20:44,30.1,1.2,71
402,2019-08-02 20:45,30,1,70.7
402,2019-08-02 20:46,30.1,.7,70.7
402,2019-08-02 20:47,30,.7,70.7
402,2019-08-02 20:48,30,.6,70.9
402,2019-08-02 20:49,30,.8,70.8
402,2019-08-02 20:50,30,.6,71
402,2019-08-02 20:51,30,1.2,70.7
402,2019-08-02 20:52,30,.2,70.4
402,2019-08-02 20:53,29.9,0,71.1
402,2019-08-02 20:54,29.9,.4,71.2
402,2019-08-02 20:55,29.9,.8,71.1
402,2019-08-02 20:56,29.9,.5,71.3
402,2019-08-02 20:57,29.8,.4,71.6
402,2019-08-02 20:58,29.8,.6,71.3
402,2019-08-02 20:59,29.9,0,70.9
402,2019-08-02 21:00,30,.3,71
402,2019-08-02 21:01,29.8,.1,71.8
402,2019-08-02 21:02,29.8,0,71.6
402,2019-08-02 21:03,29.8,0,72
402,2019-08-02 21:04,29.8,0,71.8
402,2019-08-02 21:05,29.9,0,71.2
402,2019-08-02 21:06,29.9,0,71.1
402,2019-08-02 21:07,29.8,.9,71.3
402,2019-08-02 21:08,29.8,.9,71.9
402,2019-08-02 21:09,29.7,.7,71.6
402,2019-08-02 21:10,29.8,.1,71.2
402,2019-08-02 21:11,29.8,0,70.9
402,2019-08-02 21:12,29.9,0,70.7
402,2019-08-02 21:13,29.9,.1,71.1
402,2019-08-02 21:14,29.8,.4,71.4
402,2019-08-02 21:15,29.8,.4,71.4
402,2019-08-02 21:16,29.8,.5,71.7
402,2019-08-02 21:17,29.8,.8,71.7
402,2019-08-02 21:18,29.7,.9,72
402,2019-08-02 21:19,29.6,.7,72.4
402,2019-08-02 21:20,29.5,1.5,72.8
402,2019-08-02 21:21,29.5,.8,73
402,2019-08-02 21:22,29.5,1.2,72.9
402,2019-08-02 21:23,29.5,1.4,72.8
402,2019-08-02 21:24,29.4,.9,73
402,2019-08-02 21:25,29.5,1.3,72.7
402,2019-08-02 21:26,29.4,1.3,73
402,2019-08-02 21:27,29.3,.9,73.3
402,2019-08-02 21:28,29.4,.8,73
402,2019-08-02 21:29,29.5,1.2,72.8
402,2019-08-02 21:30,29.4,.8,73.8
402,2019-08-02 21:31,29.3,.9,73.4
402,2019-08-02 21:32,29.4,.6,73.3
402,2019-08-02 21:33,29.4,.5,73.7
402,2019-08-02 21:34,29.3,1,73.9
402,2019-08-02 21:35,29.3,.7,73.7
402,2019-08-02 21:36,29.3,.7,73.9
402,2019-08-02 21:37,29.4,.6,73.4
402,2019-08-02 21:38,29.4,1.1,73.1
402,2019-08-02 21:39,29.4,1,73.4
402,2019-08-02 21:40,29.3,1.4,73.7
402,2019-08-02 21:41,29.3,1.2,73.6
402,2019-08-02 21:42,29.3,1.2,73.7
402,2019-08-02 21:43,29.2,.9,73.7
402,2019-08-02 21:44,29.2,1.1,73.8
402,2019-08-02 21:45,29.2,1.2,73.7
402,2019-08-02 21:46,29.2,1.2,73.8
402,2019-08-02 21:47,29.2,.5,73.9
402,2019-08-02 21:48,29.2,1.1,74
402,2019-08-02 21:49,29.2,1,73.9
402,2019-08-02 21:50,29.3,.5,73.6
402,2019-08-02 21:51,29.3,1.1,73.4
402,2019-08-02 21:52,29.3,.9,73.5
402,2019-08-02 21:53,29.2,1,73.7
402,2019-08-02 21:54,29.2,.9,73.6
402,2019-08-02 21:55,29.2,1,73.7
402,2019-08-02 21:56,29.2,.9,73.6
402,2019-08-02 21:57,29.2,.7,73.8
402,2019-08-02 21:58,29.1,.8,74.1
402,2019-08-02 21:59,29,.5,74.5
402,2019-08-02 22:00,29,.3,74.4
402,2019-08-02 22:01,29,0,74.5
402,2019-08-02 22:02,29.1,0,74.4
402,2019-08-02 22:03,29.2,0,73.9
402,2019-08-02 22:04,29.2,.4,73.7
402,2019-08-02 22:05,29.2,.4,73.7
402,2019-08-02 22:06,29.2,.2,73.7
402,2019-08-02 22:07,29.2,.6,73.7
402,2019-08-02 22:08,29.2,.8,74.1
402,2019-08-02 22:09,29.1,1,74.6
402,2019-08-02 22:10,29,1.3,75.1
402,2019-08-02 22:11,29,.7,75.3
402,2019-08-02 22:12,28.9,1.4,75.5
402,2019-08-02 22:13,28.9,1.5,75.8
402,2019-08-02 22:14,28.8,1,76.1
402,2019-08-02 22:15,28.8,.6,76
402,2019-08-02 22:16,28.8,.5,75.8
402,2019-08-02 22:17,28.9,.4,75.7
402,2019-08-02 22:18,28.8,.4,76.1
402,2019-08-02 22:19,28.7,1,76.3
402,2019-08-02 22:20,28.7,.9,76.6
402,2019-08-02 22:21,28.6,1,76.9
402,2019-08-02 22:22,28.7,.9,77
402,2019-08-02 22:23,28.7,.9,76.9
402,2019-08-02 22:24,28.6,.8,77.1
402,2019-08-02 22:25,28.6,.8,77.4
402,2019-08-02 22:26,28.5,.5,77.3
402,2019-08-02 22:27,28.6,.5,77.1
402,2019-08-02 22:28,28.6,.3,77
402,2019-08-02 22:29,28.6,.7,76.5
402,2019-08-02 22:30,28.6,1,76.6
402,2019-08-02 22:31,28.6,1.3,76.6
402,2019-08-02 22:32,28.6,1.3,77
402,2019-08-02 22:33,28.6,1.3,77.2
402,2019-08-02 22:34,28.7,1.4,77.2
402,2019-08-02 22:35,28.7,1.4,77.3
402,2019-08-02 22:36,28.7,1.3,77.3
402,2019-08-02 22:37,28.6,1.2,77.5
402,2019-08-02 22:38,28.5,1.1,77.9
402,2019-08-02 22:39,28.5,1.3,78
402,2019-08-02 22:40,28.5,1.4,78
402,2019-08-02 22:41,28.5,1.1,78.2
402,2019-08-02 22:42,28.5,.8,78.4
402,2019-08-02 22:43,28.6,1.2,78
402,2019-08-02 22:44,28.6,1.2,77.9
402,2019-08-02 22:45,28.6,1.1,78
402,2019-08-02 22:46,28.6,.9,78.2
402,2019-08-02 22:47,28.6,1.2,78.2
402,2019-08-02 22:48,28.6,1.5,78.3
402,2019-08-02 22:49,28.6,.8,78.1
402,2019-08-02 22:50,28.7,.9,77.6
402,2019-08-02 22:51,28.6,1.1,77.9
402,2019-08-02 22:52,28.6,1.5,78
402,2019-08-02 22:53,28.6,1.2,78
402,2019-08-02 22:54,28.6,1.4,78
402,2019-08-02 22:55,28.6,1.3,78.3
402,2019-08-02 22:56,28.5,1.3,78.5
402,2019-08-02 22:57,28.4,1.6,79
402,2019-08-02 22:58,28.4,1.1,79.1
402,2019-08-02 22:59,28.4,1.3,79.1
402,2019-08-02 23:00,28.4,1.2,79.2
402,2019-08-02 23:01,28.4,1.2,79.3
402,2019-08-02 23:02,28.3,1.9,79.6
402,2019-08-02 23:03,28.3,1.7,79.9
402,2019-08-02 23:04,28.3,1.4,80
402,2019-08-02 23:05,28.3,1.5,80.1
402,2019-08-02 23:06,28.3,1.9,80.1
402,2019-08-02 23:07,28.2,1.6,80.3
402,2019-08-02 23:08,28.2,1.2,80.5
402,2019-08-02 23:09,28.2,1.1,80.6
402,2019-08-02 23:10,28.2,1.4,80.6
402,2019-08-02 23:11,28.2,1.4,80.7
402,2019-08-02 23:12,28.2,1.5,80.7
402,2019-08-02 23:13,28.2,1.6,80.7
402,2019-08-02 23:14,28.1,1.3,80.8
402,2019-08-02 23:15,28.1,1.6,81
402,2019-08-02 23:16,28,.6,81.3
402,2019-08-02 23:17,28,1,81.5
402,2019-08-02 23:18,28,.7,81.5
402,2019-08-02 23:19,28,1.2,81.6
402,2019-08-02 23:20,28,1.4,81.5
402,2019-08-02 23:21,28,1.6,81.6
402,2019-08-02 23:22,27.9,1.4,81.9
402,2019-08-02 23:23,27.8,1.5,82.1
402,2019-08-02 23:24,27.8,1.3,82.3
402,2019-08-02 23:25,27.8,1.3,82.7
402,2019-08-02 23:26,27.8,1,82.7
402,2019-08-02 23:27,27.8,1.3,82.7
402,2019-08-02 23:28,27.8,1.4,82.5
402,2019-08-02 23:29,27.8,1.2,82.5
402,2019-08-02 23:30,27.8,1.4,82.5
402,2019-08-02 23:31,27.9,1,82.2
402,2019-08-02 23:32,27.9,1.1,81.4
402,2019-08-02 23:33,28,.8,81
402,2019-08-02 23:34,28,1,80.8
402,2019-08-02 23:35,28,.9,80.9
402,2019-08-02 23:36,28,.5,81.2
402,2019-08-02 23:37,28,.4,81.3
402,2019-08-02 23:38,28,.3,81.1
402,2019-08-02 23:39,28,0,81.1
402,2019-08-02 23:40,28,0,81
402,2019-08-02 23:41,28.1,0,80.9
402,2019-08-02 23:42,28.1,0,80.9
402,2019-08-02 23:43,28.1,0,80.9
402,2019-08-02 23:44,28,0,80.9
402,2019-08-02 23:45,28,0,80.9
402,2019-08-02 23:46,28,0,81
402,2019-08-02 23:47,28,0,81.2
402,2019-08-02 23:48,27.9,.5,81.3
402,2019-08-02 23:49,27.9,.7,81.5
402,2019-08-02 23:50,27.9,.6,81.6
402,2019-08-02 23:52,27.9,.5,81.6
402,2019-08-02 23:53,27.9,1,81.3
402,2019-08-02 23:54,27.9,.3,81.5
402,2019-08-02 23:55,27.8,0,81.6
402,2019-08-02 23:59,27.8,0,81.8
402,2019-08-03 00:00,27.8,0,81.6
